<?xml version="1.0" encoding="UTF-8"?>
<ms:componentMetadataRecord xmlns:xsd="http://www.w3.org/2001/XMLSchema-instance" xmlns:ms="http://www.meta-share.org/OMTD-SHARE_XMLSchema"><ms:metadataHeaderInfo><ms:metadataRecordIdentifier metadataIdentifierSchemeName="OMTD">b046c95e-e3b7-450a-a261-91e1528df6f9</ms:metadataRecordIdentifier><ms:metadataCreationDate>2018-04-23Z</ms:metadataCreationDate><ms:metadataCreators><ms:metadataCreator><ms:surname>Galanis</ms:surname><ms:givenName>Dimitrios</ms:givenName><ms:personIdentifiers><ms:personIdentifier personIdentifierSchemeName="other">0931732115452907@openminted.eu</ms:personIdentifier></ms:personIdentifiers><ms:communicationInfo><ms:emails><ms:email>galanisd@ilsp.gr</ms:email></ms:emails></ms:communicationInfo><ms:affiliation><ms:position>member</ms:position><ms:affiliatedOrganization><ms:organizationNames><ms:organizationName>ARC</ms:organizationName></ms:organizationNames></ms:affiliatedOrganization></ms:affiliation></ms:metadataCreator></ms:metadataCreators><ms:metadataLastDateUpdated>2018-04-23Z</ms:metadataLastDateUpdated></ms:metadataHeaderInfo><ms:componentInfo><ms:resourceType>component</ms:resourceType><ms:identificationInfo><ms:resourceNames><ms:resourceName>Tika Multi-Format Reader</ms:resourceName></ms:resourceNames><ms:descriptions><ms:description>Reader for many file formats based on Apache Tika.</ms:description></ms:descriptions><ms:resourceIdentifiers><ms:resourceIdentifier resourceIdentifierSchemeName="maven">mvn:org.dkpro.core:dkpro-core-io-tika-asl:1.9.1-SNAPSHOT#org.dkpro.core.io.tika.TikaReader</ms:resourceIdentifier></ms:resourceIdentifiers><ms:public>false</ms:public></ms:identificationInfo><ms:versionInfo><ms:version>1.9.1-SNAPSHOT</ms:version></ms:versionInfo><ms:contactInfo><ms:contactPoint>https://dkpro.github.io/dkpro-core/</ms:contactPoint><ms:contactType>landingPage</ms:contactType><ms:contactGroups><ms:contactGroup><ms:groupNames><ms:groupName>DKPro Core Project</ms:groupName></ms:groupNames></ms:contactGroup><ms:contactGroup><ms:groupNames><ms:groupName>Ubiquitous Knowledge Processing (UKP) Lab, Technische Universität Darmstadt</ms:groupName></ms:groupNames><ms:affiliatedOrganization><ms:organizationNames><ms:organizationName>Ubiquitous Knowledge Processing (UKP) Lab, Technische Universität Darmstadt</ms:organizationName></ms:organizationNames></ms:affiliatedOrganization></ms:contactGroup></ms:contactGroups><ms:mailingLists><ms:mailingListInfo><ms:mailingListName>DKPro Core user mailing list</ms:mailingListName><ms:subscribe>dkpro-core-user+subscribe@googlegroups.com</ms:subscribe><ms:unsubscribe>dkpro-core-user+unsubscribe@googlegroups.com</ms:unsubscribe><ms:post>dkpro-core-user@googlegroups.com</ms:post><ms:archive>https://groups.google.com/forum/#!forum/dkpro-core-user</ms:archive></ms:mailingListInfo><ms:mailingListInfo><ms:mailingListName>DKPro Core developer mailing list</ms:mailingListName><ms:subscribe>dkpro-core-developers+subscribe@googlegroups.com</ms:subscribe><ms:unsubscribe>dkpro-core-developers+unsubscribe@googlegroups.com</ms:unsubscribe><ms:post>dkpro-core-developers@googlegroups.com</ms:post><ms:archive>https://groups.google.com/forum/#!forum/dkpro-core-developers</ms:archive></ms:mailingListInfo></ms:mailingLists></ms:contactInfo><ms:application>false</ms:application><ms:functionInfo><ms:function>http://w3id.org/meta-share/omtd-share/Reader</ms:function></ms:functionInfo><ms:distributionInfos><ms:componentDistributionInfo><ms:componentDistributionForm>executableCode</ms:componentDistributionForm><ms:distributionLocation>mvn:org.dkpro.core:dkpro-core-io-tika-asl:1.9.1-SNAPSHOT#org.dkpro.core.io.tika.TikaReader</ms:distributionLocation><ms:command>org.dkpro.core.io.tika.TikaReader</ms:command><ms:operatingSystems><ms:operatingSystem>os-independent</ms:operatingSystem></ms:operatingSystems></ms:componentDistributionInfo></ms:distributionInfos><ms:rightsInfo><ms:licenceInfos><ms:licenceInfo><ms:licence>Apache-2.0</ms:licence></ms:licenceInfo></ms:licenceInfos><ms:rightsStatement>openAccess</ms:rightsStatement><ms:copyrightStatement>Copyright 2007-2017
            Ubiquitous Knowledge Processing (UKP) Lab
            Technische Universität Darmstadt</ms:copyrightStatement></ms:rightsInfo><ms:parameterInfos><ms:parameterInfo><ms:parameterName>sourceLocation</ms:parameterName><ms:parameterLabel>sourceLocation</ms:parameterLabel><ms:parameterDescription>Location from which the input is read.</ms:parameterDescription><ms:parameterType>string</ms:parameterType><ms:optional>true</ms:optional><ms:multiValue>false</ms:multiValue></ms:parameterInfo><ms:parameterInfo><ms:parameterName>patterns</ms:parameterName><ms:parameterLabel>patterns</ms:parameterLabel><ms:parameterDescription>A set of Ant-like include/exclude patterns. A pattern starts with #INCLUDE_PREFIX [+]
if it is an include pattern and with #EXCLUDE_PREFIX [-] if it is an exclude pattern.
The wildcard &lt;code>&amp;#47;**&amp;#47;&lt;/code> can be used to address any number of sub-directories.
The wildcard * can be used to a address a part of a name.</ms:parameterDescription><ms:parameterType>string</ms:parameterType><ms:optional>true</ms:optional><ms:multiValue>true</ms:multiValue></ms:parameterInfo><ms:parameterInfo><ms:parameterName>useDefaultExcludes</ms:parameterName><ms:parameterLabel>useDefaultExcludes</ms:parameterLabel><ms:parameterDescription>Use the default excludes.</ms:parameterDescription><ms:parameterType>boolean</ms:parameterType><ms:optional>false</ms:optional><ms:multiValue>false</ms:multiValue><ms:defaultValue>true</ms:defaultValue></ms:parameterInfo><ms:parameterInfo><ms:parameterName>includeHidden</ms:parameterName><ms:parameterLabel>includeHidden</ms:parameterLabel><ms:parameterDescription>Include hidden files and directories.</ms:parameterDescription><ms:parameterType>boolean</ms:parameterType><ms:optional>false</ms:optional><ms:multiValue>false</ms:multiValue><ms:defaultValue>false</ms:defaultValue></ms:parameterInfo><ms:parameterInfo><ms:parameterName>language</ms:parameterName><ms:parameterLabel>language</ms:parameterLabel><ms:parameterDescription>Name of optional configuration parameter that contains the language of the documents in the
input directory. If specified, this information will be added to the CAS.</ms:parameterDescription><ms:parameterType>string</ms:parameterType><ms:optional>true</ms:optional><ms:multiValue>false</ms:multiValue></ms:parameterInfo><ms:parameterInfo><ms:parameterName>logFreq</ms:parameterName><ms:parameterLabel>logFreq</ms:parameterLabel><ms:parameterDescription>The frequency with which read documents are logged. Default: 1 (log every document).
&lt;p>
Set to 0 or negative values to deactivate logging.</ms:parameterDescription><ms:parameterType>integer</ms:parameterType><ms:optional>false</ms:optional><ms:multiValue>false</ms:multiValue><ms:defaultValue>1</ms:defaultValue></ms:parameterInfo></ms:parameterInfos><ms:inputContentResourceInfo><ms:processingResourceType>document</ms:processingResourceType></ms:inputContentResourceInfo><ms:outputResourceInfo><ms:processingResourceType>document</ms:processingResourceType></ms:outputResourceInfo><ms:componentCreationInfo><ms:framework>UIMA</ms:framework><ms:implementationLanguage>Java</ms:implementationLanguage></ms:componentCreationInfo><ms:scmInfo><ms:connection>scm:git:git://github.com/dkpro/dkpro-core/dkpro-core-io-tika-asl</ms:connection><ms:developerConnection>scm:git:git@github.com:dkpro/dkpro-core.git/dkpro-core-io-tika-asl</ms:developerConnection><ms:tag>HEAD</ms:tag><ms:url>https://github.com/dkpro/dkpro-core/dkpro-core-io-tika-asl</ms:url></ms:scmInfo><ms:issueManagementInfo><ms:system>GitHub Issues</ms:system><ms:url>https://github.com/dkpro/dkpro-core/issues</ms:url></ms:issueManagementInfo></ms:componentInfo></ms:componentMetadataRecord>