<?xml version="1.0" encoding="UTF-8"?>
<ms:componentMetadataRecord xmlns:xsd="http://www.w3.org/2001/XMLSchema-instance" xmlns:ms="http://www.meta-share.org/OMTD-SHARE_XMLSchema"><ms:metadataHeaderInfo><ms:metadataRecordIdentifier metadataIdentifierSchemeName="OMTD">d7ed8a1a-23b1-4b17-a7b9-d3e64d467bd3</ms:metadataRecordIdentifier><ms:metadataCreationDate>2018-03-30Z</ms:metadataCreationDate><ms:metadataCreators><ms:metadataCreator><ms:surname>Galanis</ms:surname><ms:givenName>Dimitrios</ms:givenName><ms:personIdentifiers><ms:personIdentifier personIdentifierSchemeName="other">0931732115452907@openminted.eu</ms:personIdentifier></ms:personIdentifiers><ms:communicationInfo><ms:emails><ms:email>galanisd@ilsp.gr</ms:email></ms:emails></ms:communicationInfo><ms:affiliation><ms:position>member</ms:position><ms:affiliatedOrganization><ms:organizationNames><ms:organizationName>ARC</ms:organizationName></ms:organizationNames></ms:affiliatedOrganization></ms:affiliation></ms:metadataCreator></ms:metadataCreators><ms:metadataLastDateUpdated>2018-03-30Z</ms:metadataLastDateUpdated></ms:metadataHeaderInfo><ms:componentInfo><ms:resourceType>component</ms:resourceType><ms:identificationInfo><ms:resourceNames><ms:resourceName>TextCat Language Identifier (Character N-Gram-based)</ms:resourceName></ms:resourceNames><ms:descriptions><ms:description>&lt;p>Detection based on character n-grams. Uses the &lt;a href=&quot;http://textcat.sourceforge.net&quot;>Java
Text Categorizing Library&lt;/a> based on a technique by Cavnar and Trenkle.&lt;/p>

&lt;p>&lt;b>References&lt;/b>&lt;/p>
&lt;ul>
&lt;li>Cavnar, W. B. and J. M. Trenkle (1994). N-Gram-Based Text Categorization. 
In Proceedings of Third Annual Symposium on Document Analysis and Information Retrieval, 
Las Vegas, NV, UNLV Publications/Reprographics, pp. 161-175, 11-13 April 1994.&lt;/li>&lt;/ul></ms:description></ms:descriptions><ms:resourceIdentifiers><ms:resourceIdentifier resourceIdentifierSchemeName="maven">mvn:de.tudarmstadt.ukp.dkpro.core:de.tudarmstadt.ukp.dkpro.core.textcat-asl:1.9.1-SNAPSHOT#de.tudarmstadt.ukp.dkpro.core.textcat.LanguageIdentifier</ms:resourceIdentifier></ms:resourceIdentifiers><ms:public>false</ms:public></ms:identificationInfo><ms:versionInfo><ms:version>1.9.1-SNAPSHOT</ms:version></ms:versionInfo><ms:contactInfo><ms:contactPoint>https://dkpro.github.io/dkpro-core/</ms:contactPoint><ms:contactType>landingPage</ms:contactType><ms:contactGroups><ms:contactGroup><ms:groupNames><ms:groupName>DKPro Core Project</ms:groupName></ms:groupNames></ms:contactGroup><ms:contactGroup><ms:groupNames><ms:groupName>Ubiquitous Knowledge Processing (UKP) Lab, Technische Universität Darmstadt</ms:groupName></ms:groupNames><ms:affiliatedOrganization><ms:organizationNames><ms:organizationName>Ubiquitous Knowledge Processing (UKP) Lab, Technische Universität Darmstadt</ms:organizationName></ms:organizationNames></ms:affiliatedOrganization></ms:contactGroup></ms:contactGroups><ms:mailingLists><ms:mailingListInfo><ms:mailingListName>DKPro Core user mailing list</ms:mailingListName><ms:subscribe>dkpro-core-user+subscribe@googlegroups.com</ms:subscribe><ms:unsubscribe>dkpro-core-user+unsubscribe@googlegroups.com</ms:unsubscribe><ms:post>dkpro-core-user@googlegroups.com</ms:post><ms:archive>https://groups.google.com/forum/#!forum/dkpro-core-user</ms:archive></ms:mailingListInfo><ms:mailingListInfo><ms:mailingListName>DKPro Core developer mailing list</ms:mailingListName><ms:subscribe>dkpro-core-developers+subscribe@googlegroups.com</ms:subscribe><ms:unsubscribe>dkpro-core-developers+unsubscribe@googlegroups.com</ms:unsubscribe><ms:post>dkpro-core-developers@googlegroups.com</ms:post><ms:archive>https://groups.google.com/forum/#!forum/dkpro-core-developers</ms:archive></ms:mailingListInfo></ms:mailingLists></ms:contactInfo><ms:application>false</ms:application><ms:functionInfo><ms:function>http://w3id.org/meta-share/omtd-share/LanguageIdentifier</ms:function></ms:functionInfo><ms:distributionInfos><ms:componentDistributionInfo><ms:componentDistributionForm>executableCode</ms:componentDistributionForm><ms:distributionLocation>mvn:de.tudarmstadt.ukp.dkpro.core:de.tudarmstadt.ukp.dkpro.core.textcat-asl:1.9.1-SNAPSHOT#de.tudarmstadt.ukp.dkpro.core.textcat.LanguageIdentifier</ms:distributionLocation><ms:command>de.tudarmstadt.ukp.dkpro.core.textcat.LanguageIdentifier</ms:command><ms:operatingSystems><ms:operatingSystem>os-independent</ms:operatingSystem></ms:operatingSystems></ms:componentDistributionInfo></ms:distributionInfos><ms:rightsInfo><ms:licenceInfos><ms:licenceInfo><ms:licence>Apache-2.0</ms:licence></ms:licenceInfo></ms:licenceInfos><ms:rightsStatement>openAccess</ms:rightsStatement><ms:copyrightStatement>Copyright 2007-2017
            Ubiquitous Knowledge Processing (UKP) Lab
            Technische Universität Darmstadt</ms:copyrightStatement></ms:rightsInfo><ms:parameterInfos/><ms:inputContentResourceInfo><ms:processingResourceType>document</ms:processingResourceType></ms:inputContentResourceInfo><ms:outputResourceInfo><ms:processingResourceType>document</ms:processingResourceType></ms:outputResourceInfo><ms:componentCreationInfo><ms:framework>UIMA</ms:framework><ms:implementationLanguage>Java</ms:implementationLanguage></ms:componentCreationInfo><ms:scmInfo><ms:connection>scm:git:git://github.com/dkpro/dkpro-core/de.tudarmstadt.ukp.dkpro.core.textcat-asl</ms:connection><ms:developerConnection>scm:git:git@github.com:dkpro/dkpro-core.git/de.tudarmstadt.ukp.dkpro.core.textcat-asl</ms:developerConnection><ms:tag>HEAD</ms:tag><ms:url>https://github.com/dkpro/dkpro-core/de.tudarmstadt.ukp.dkpro.core.textcat-asl</ms:url></ms:scmInfo><ms:issueManagementInfo><ms:system>GitHub Issues</ms:system><ms:url>https://github.com/dkpro/dkpro-core/issues</ms:url></ms:issueManagementInfo></ms:componentInfo></ms:componentMetadataRecord>